{
    "rmse": {
        "train": 0.4135235388228111,
        "test": 0.4136998715949597
    }
}