{
    "rmse": {
        "train": 0.41350931726059614,
        "test": 0.41364833242224874
    }
}